{"count":1,"gauges":{},"self":19.837988799999998,"total":25.2418469,"children":{"AgentResetIfDone":{"count":1072,"self":0.0300553,"total":0.0300553,"children":null},"AgentSendState":{"count":1072,"self":0.1271584,"total":0.16920839999999998,"children":{"CollectObservations":{"count":2144,"self":0.04205,"total":0.04205,"children":null}}},"DecideAction":{"count":1072,"self":4.47438,"total":5.0168330999999995,"children":{"RayPerceptionSensor.Perceive":{"count":2144,"self":0.5424532,"total":0.5424532,"children":null}}},"AcademyStep":{"count":1072,"self":0.0070215,"total":0.0070215,"children":null},"AgentAct":{"count":1072,"self":0.17673729999999999,"total":0.17673729999999999,"children":null}}}