{"count":1,"gauges":{},"self":53.4480608,"total":70.4559451,"children":{"AgentResetIfDone":{"count":3350,"self":0.1121577,"total":0.1121577,"children":null},"AgentSendState":{"count":3350,"self":0.3514984,"total":0.513672,"children":{"CollectObservations":{"count":6704,"self":0.1621736,"total":0.1621736,"children":null}}},"DecideAction":{"count":3350,"self":14.2006704,"total":15.8301117,"children":{"RayPerceptionSensor.Perceive":{"count":6704,"self":1.6294414,"total":1.6294414,"children":null}}},"AcademyStep":{"count":3350,"self":0.0300541,"total":0.0300541,"children":null},"AgentAct":{"count":3350,"self":0.51089089999999993,"total":0.51089089999999993,"children":null}}}